"animal_name","hair","feathers","eggs","milk","airborne","aquatic","predator","toothed","backbone","breathes","venomous","fins","legs","tail","domestic","catsize","twolegs","fourlegs","sixlegs","eightlegs","mammal","bird","reptile","fish","amphibian","bug","invertebrate"
"aardvark","has hair","!has feather","!lays eggs","produce milk","!can fly","!live in water","a predator","has teeth","has backbone","breath in the air","!poisonous","!has fins","has legs","!has tail","!is domestic","is catsize","has legs","has four legs","!has six legs","!has eight legs","mammal","!bird","!reptile","!fish","!amphibian","!bug","!invertebrate"
"antelope","has hair","!has feather","!lays eggs","produce milk","!can fly","!live in water","!a predator","has teeth","has backbone","breath in the air","!poisonous","!has fins","has legs","has tail","!is domestic","is catsize","has legs","has four legs","!has six legs","!has eight legs","mammal","!bird","!reptile","!fish","!amphibian","!bug","!invertebrate"
"bass","!has hair","!has feather","lays eggs","!produce milk","!can fly","live in water","a predator","has teeth","has backbone","!breath in the air","!poisonous","has fins","!has legs","has tail","!is domestic","!is catsize","has legs","!has four legs","!has six legs","!has eight legs","!mammal","!bird","!reptile","fish","!amphibian","!bug","!invertebrate"
"bear","has hair","!has feather","!lays eggs","produce milk","!can fly","!live in water","a predator","has teeth","has backbone","breath in the air","!poisonous","!has fins","has legs","!has tail","!is domestic","is catsize","has legs","has four legs","!has six legs","!has eight legs","mammal","!bird","!reptile","!fish","!amphibian","!bug","!invertebrate"
"boar","has hair","!has feather","!lays eggs","produce milk","!can fly","!live in water","a predator","has teeth","has backbone","breath in the air","!poisonous","!has fins","has legs","has tail","!is domestic","is catsize","has legs","has four legs","!has six legs","!has eight legs","mammal","!bird","!reptile","!fish","!amphibian","!bug","!invertebrate"
"buffalo","has hair","!has feather","!lays eggs","produce milk","!can fly","!live in water","!a predator","has teeth","has backbone","breath in the air","!poisonous","!has fins","has legs","has tail","!is domestic","is catsize","has legs","has four legs","!has six legs","!has eight legs","mammal","!bird","!reptile","!fish","!amphibian","!bug","!invertebrate"
"calf","has hair","!has feather","!lays eggs","produce milk","!can fly","!live in water","!a predator","has teeth","has backbone","breath in the air","!poisonous","!has fins","has legs","has tail","is domestic","is catsize","has legs","has four legs","!has six legs","!has eight legs","mammal","!bird","!reptile","!fish","!amphibian","!bug","!invertebrate"
"carp","!has hair","!has feather","lays eggs","!produce milk","!can fly","live in water","!a predator","has teeth","has backbone","!breath in the air","!poisonous","has fins","!has legs","has tail","is domestic","!is catsize","has legs","!has four legs","!has six legs","!has eight legs","!mammal","!bird","!reptile","fish","!amphibian","!bug","!invertebrate"
"catfish","!has hair","!has feather","lays eggs","!produce milk","!can fly","live in water","a predator","has teeth","has backbone","!breath in the air","!poisonous","has fins","!has legs","has tail","!is domestic","!is catsize","has legs","!has four legs","!has six legs","!has eight legs","!mammal","!bird","!reptile","fish","!amphibian","!bug","!invertebrate"
"cavy","has hair","!has feather","!lays eggs","produce milk","!can fly","!live in water","!a predator","has teeth","has backbone","breath in the air","!poisonous","!has fins","has legs","!has tail","is domestic","!is catsize","has legs","has four legs","!has six legs","!has eight legs","mammal","!bird","!reptile","!fish","!amphibian","!bug","!invertebrate"
"cheetah","has hair","!has feather","!lays eggs","produce milk","!can fly","!live in water","a predator","has teeth","has backbone","breath in the air","!poisonous","!has fins","has legs","has tail","!is domestic","is catsize","has legs","has four legs","!has six legs","!has eight legs","mammal","!bird","!reptile","!fish","!amphibian","!bug","!invertebrate"
"chicken","!has hair","has feather","lays eggs","!produce milk","can fly","!live in water","!a predator","!has teeth","has backbone","breath in the air","!poisonous","!has fins","has legs","has tail","is domestic","!is catsize","has legs","!has four legs","!has six legs","!has eight legs","!mammal","bird","!reptile","!fish","!amphibian","!bug","!invertebrate"
"chub","!has hair","!has feather","lays eggs","!produce milk","!can fly","live in water","a predator","has teeth","has backbone","!breath in the air","!poisonous","has fins","!has legs","has tail","!is domestic","!is catsize","has legs","!has four legs","!has six legs","!has eight legs","!mammal","!bird","!reptile","fish","!amphibian","!bug","!invertebrate"
"clam","!has hair","!has feather","lays eggs","!produce milk","!can fly","!live in water","a predator","!has teeth","!has backbone","!breath in the air","!poisonous","!has fins","!has legs","!has tail","!is domestic","!is catsize","has legs","!has four legs","!has six legs","!has eight legs","!mammal","!bird","!reptile","!fish","!amphibian","!bug","invertebrate"
"crab","!has hair","!has feather","lays eggs","!produce milk","!can fly","live in water","a predator","!has teeth","!has backbone","!breath in the air","!poisonous","!has fins","has legs","!has tail","!is domestic","!is catsize","has legs","has four legs","!has six legs","!has eight legs","!mammal","!bird","!reptile","!fish","!amphibian","!bug","invertebrate"
"crayfish","!has hair","!has feather","lays eggs","!produce milk","!can fly","live in water","a predator","!has teeth","!has backbone","!breath in the air","!poisonous","!has fins","has legs","!has tail","!is domestic","!is catsize","has legs","!has four legs","has six legs","!has eight legs","!mammal","!bird","!reptile","!fish","!amphibian","!bug","invertebrate"
"crow","!has hair","has feather","lays eggs","!produce milk","can fly","!live in water","a predator","!has teeth","has backbone","breath in the air","!poisonous","!has fins","has legs","has tail","!is domestic","!is catsize","has legs","!has four legs","!has six legs","!has eight legs","!mammal","bird","!reptile","!fish","!amphibian","!bug","!invertebrate"
"deer","has hair","!has feather","!lays eggs","produce milk","!can fly","!live in water","!a predator","has teeth","has backbone","breath in the air","!poisonous","!has fins","has legs","has tail","!is domestic","is catsize","has legs","has four legs","!has six legs","!has eight legs","mammal","!bird","!reptile","!fish","!amphibian","!bug","!invertebrate"
"dogfish","!has hair","!has feather","lays eggs","!produce milk","!can fly","live in water","a predator","has teeth","has backbone","!breath in the air","!poisonous","has fins","!has legs","has tail","!is domestic","is catsize","has legs","!has four legs","!has six legs","!has eight legs","!mammal","!bird","!reptile","fish","!amphibian","!bug","!invertebrate"
"dolphin","!has hair","!has feather","!lays eggs","produce milk","!can fly","live in water","a predator","has teeth","has backbone","breath in the air","!poisonous","has fins","!has legs","has tail","!is domestic","is catsize","has legs","!has four legs","!has six legs","!has eight legs","mammal","!bird","!reptile","!fish","!amphibian","!bug","!invertebrate"
"dove","!has hair","has feather","lays eggs","!produce milk","can fly","!live in water","!a predator","!has teeth","has backbone","breath in the air","!poisonous","!has fins","has legs","has tail","is domestic","!is catsize","has legs","!has four legs","!has six legs","!has eight legs","!mammal","bird","!reptile","!fish","!amphibian","!bug","!invertebrate"
"duck","!has hair","has feather","lays eggs","!produce milk","can fly","live in water","!a predator","!has teeth","has backbone","breath in the air","!poisonous","!has fins","has legs","has tail","!is domestic","!is catsize","has legs","!has four legs","!has six legs","!has eight legs","!mammal","bird","!reptile","!fish","!amphibian","!bug","!invertebrate"
"elephant","has hair","!has feather","!lays eggs","produce milk","!can fly","!live in water","!a predator","has teeth","has backbone","breath in the air","!poisonous","!has fins","has legs","has tail","!is domestic","is catsize","has legs","has four legs","!has six legs","!has eight legs","mammal","!bird","!reptile","!fish","!amphibian","!bug","!invertebrate"
"flamingo","!has hair","has feather","lays eggs","!produce milk","can fly","!live in water","!a predator","!has teeth","has backbone","breath in the air","!poisonous","!has fins","has legs","has tail","!is domestic","is catsize","has legs","!has four legs","!has six legs","!has eight legs","!mammal","bird","!reptile","!fish","!amphibian","!bug","!invertebrate"
"flea","!has hair","!has feather","lays eggs","!produce milk","!can fly","!live in water","!a predator","!has teeth","!has backbone","breath in the air","!poisonous","!has fins","has legs","!has tail","!is domestic","!is catsize","has legs","!has four legs","has six legs","!has eight legs","!mammal","!bird","!reptile","!fish","!amphibian","bug","!invertebrate"
"frog","!has hair","!has feather","lays eggs","!produce milk","!can fly","live in water","a predator","has teeth","has backbone","breath in the air","!poisonous","!has fins","has legs","!has tail","!is domestic","!is catsize","has legs","has four legs","!has six legs","!has eight legs","!mammal","!bird","!reptile","!fish","amphibian","!bug","!invertebrate"
"frog","!has hair","!has feather","lays eggs","!produce milk","!can fly","live in water","a predator","has teeth","has backbone","breath in the air","poisonous","!has fins","has legs","!has tail","!is domestic","!is catsize","has legs","has four legs","!has six legs","!has eight legs","!mammal","!bird","!reptile","!fish","amphibian","!bug","!invertebrate"
"fruitbat","has hair","!has feather","!lays eggs","produce milk","can fly","!live in water","!a predator","has teeth","has backbone","breath in the air","!poisonous","!has fins","has legs","has tail","!is domestic","!is catsize","has legs","!has four legs","!has six legs","!has eight legs","mammal","!bird","!reptile","!fish","!amphibian","!bug","!invertebrate"
"giraffe","has hair","!has feather","!lays eggs","produce milk","!can fly","!live in water","!a predator","has teeth","has backbone","breath in the air","!poisonous","!has fins","has legs","has tail","!is domestic","is catsize","has legs","has four legs","!has six legs","!has eight legs","mammal","!bird","!reptile","!fish","!amphibian","!bug","!invertebrate"
"girl","has hair","!has feather","!lays eggs","produce milk","!can fly","!live in water","a predator","has teeth","has backbone","breath in the air","!poisonous","!has fins","has legs","!has tail","is domestic","is catsize","has legs","!has four legs","!has six legs","!has eight legs","mammal","!bird","!reptile","!fish","!amphibian","!bug","!invertebrate"
"gnat","!has hair","!has feather","lays eggs","!produce milk","can fly","!live in water","!a predator","!has teeth","!has backbone","breath in the air","!poisonous","!has fins","has legs","!has tail","!is domestic","!is catsize","has legs","!has four legs","has six legs","!has eight legs","!mammal","!bird","!reptile","!fish","!amphibian","bug","!invertebrate"
"goat","has hair","!has feather","!lays eggs","produce milk","!can fly","!live in water","!a predator","has teeth","has backbone","breath in the air","!poisonous","!has fins","has legs","has tail","is domestic","is catsize","has legs","has four legs","!has six legs","!has eight legs","mammal","!bird","!reptile","!fish","!amphibian","!bug","!invertebrate"
"gorilla","has hair","!has feather","!lays eggs","produce milk","!can fly","!live in water","!a predator","has teeth","has backbone","breath in the air","!poisonous","!has fins","has legs","!has tail","!is domestic","is catsize","has legs","!has four legs","!has six legs","!has eight legs","mammal","!bird","!reptile","!fish","!amphibian","!bug","!invertebrate"
"gull","!has hair","has feather","lays eggs","!produce milk","can fly","live in water","a predator","!has teeth","has backbone","breath in the air","!poisonous","!has fins","has legs","has tail","!is domestic","!is catsize","has legs","!has four legs","!has six legs","!has eight legs","!mammal","bird","!reptile","!fish","!amphibian","!bug","!invertebrate"
"haddock","!has hair","!has feather","lays eggs","!produce milk","!can fly","live in water","!a predator","has teeth","has backbone","!breath in the air","!poisonous","has fins","!has legs","has tail","!is domestic","!is catsize","has legs","!has four legs","!has six legs","!has eight legs","!mammal","!bird","!reptile","fish","!amphibian","!bug","!invertebrate"
"hamster","has hair","!has feather","!lays eggs","produce milk","!can fly","!live in water","!a predator","has teeth","has backbone","breath in the air","!poisonous","!has fins","has legs","has tail","is domestic","!is catsize","has legs","has four legs","!has six legs","!has eight legs","mammal","!bird","!reptile","!fish","!amphibian","!bug","!invertebrate"
"hare","has hair","!has feather","!lays eggs","produce milk","!can fly","!live in water","!a predator","has teeth","has backbone","breath in the air","!poisonous","!has fins","has legs","has tail","!is domestic","!is catsize","has legs","has four legs","!has six legs","!has eight legs","mammal","!bird","!reptile","!fish","!amphibian","!bug","!invertebrate"
"hawk","!has hair","has feather","lays eggs","!produce milk","can fly","!live in water","a predator","!has teeth","has backbone","breath in the air","!poisonous","!has fins","has legs","has tail","!is domestic","!is catsize","has legs","!has four legs","!has six legs","!has eight legs","!mammal","bird","!reptile","!fish","!amphibian","!bug","!invertebrate"
"herring","!has hair","!has feather","lays eggs","!produce milk","!can fly","live in water","a predator","has teeth","has backbone","!breath in the air","!poisonous","has fins","!has legs","has tail","!is domestic","!is catsize","has legs","!has four legs","!has six legs","!has eight legs","!mammal","!bird","!reptile","fish","!amphibian","!bug","!invertebrate"
"honeybee","has hair","!has feather","lays eggs","!produce milk","can fly","!live in water","!a predator","!has teeth","!has backbone","breath in the air","poisonous","!has fins","has legs","!has tail","is domestic","!is catsize","has legs","!has four legs","has six legs","!has eight legs","!mammal","!bird","!reptile","!fish","!amphibian","bug","!invertebrate"
"housefly","has hair","!has feather","lays eggs","!produce milk","can fly","!live in water","!a predator","!has teeth","!has backbone","breath in the air","!poisonous","!has fins","has legs","!has tail","!is domestic","!is catsize","has legs","!has four legs","has six legs","!has eight legs","!mammal","!bird","!reptile","!fish","!amphibian","bug","!invertebrate"
"kiwi","!has hair","has feather","lays eggs","!produce milk","!can fly","!live in water","a predator","!has teeth","has backbone","breath in the air","!poisonous","!has fins","has legs","has tail","!is domestic","!is catsize","has legs","!has four legs","!has six legs","!has eight legs","!mammal","bird","!reptile","!fish","!amphibian","!bug","!invertebrate"
"ladybird","!has hair","!has feather","lays eggs","!produce milk","can fly","!live in water","a predator","!has teeth","!has backbone","breath in the air","!poisonous","!has fins","has legs","!has tail","!is domestic","!is catsize","has legs","!has four legs","has six legs","!has eight legs","!mammal","!bird","!reptile","!fish","!amphibian","bug","!invertebrate"
"lark","!has hair","has feather","lays eggs","!produce milk","can fly","!live in water","!a predator","!has teeth","has backbone","breath in the air","!poisonous","!has fins","has legs","has tail","!is domestic","!is catsize","has legs","!has four legs","!has six legs","!has eight legs","!mammal","bird","!reptile","!fish","!amphibian","!bug","!invertebrate"
"leopard","has hair","!has feather","!lays eggs","produce milk","!can fly","!live in water","a predator","has teeth","has backbone","breath in the air","!poisonous","!has fins","has legs","has tail","!is domestic","is catsize","has legs","has four legs","!has six legs","!has eight legs","mammal","!bird","!reptile","!fish","!amphibian","!bug","!invertebrate"
"lion","has hair","!has feather","!lays eggs","produce milk","!can fly","!live in water","a predator","has teeth","has backbone","breath in the air","!poisonous","!has fins","has legs","has tail","!is domestic","is catsize","has legs","has four legs","!has six legs","!has eight legs","mammal","!bird","!reptile","!fish","!amphibian","!bug","!invertebrate"
"lobster","!has hair","!has feather","lays eggs","!produce milk","!can fly","live in water","a predator","!has teeth","!has backbone","!breath in the air","!poisonous","!has fins","has legs","!has tail","!is domestic","!is catsize","has legs","!has four legs","has six legs","!has eight legs","!mammal","!bird","!reptile","!fish","!amphibian","!bug","invertebrate"
"lynx","has hair","!has feather","!lays eggs","produce milk","!can fly","!live in water","a predator","has teeth","has backbone","breath in the air","!poisonous","!has fins","has legs","has tail","!is domestic","is catsize","has legs","has four legs","!has six legs","!has eight legs","mammal","!bird","!reptile","!fish","!amphibian","!bug","!invertebrate"
"mink","has hair","!has feather","!lays eggs","produce milk","!can fly","live in water","a predator","has teeth","has backbone","breath in the air","!poisonous","!has fins","has legs","has tail","!is domestic","is catsize","has legs","has four legs","!has six legs","!has eight legs","mammal","!bird","!reptile","!fish","!amphibian","!bug","!invertebrate"
"mole","has hair","!has feather","!lays eggs","produce milk","!can fly","!live in water","a predator","has teeth","has backbone","breath in the air","!poisonous","!has fins","has legs","has tail","!is domestic","!is catsize","has legs","has four legs","!has six legs","!has eight legs","mammal","!bird","!reptile","!fish","!amphibian","!bug","!invertebrate"
"mongoose","has hair","!has feather","!lays eggs","produce milk","!can fly","!live in water","a predator","has teeth","has backbone","breath in the air","!poisonous","!has fins","has legs","has tail","!is domestic","is catsize","has legs","has four legs","!has six legs","!has eight legs","mammal","!bird","!reptile","!fish","!amphibian","!bug","!invertebrate"
"moth","has hair","!has feather","lays eggs","!produce milk","can fly","!live in water","!a predator","!has teeth","!has backbone","breath in the air","!poisonous","!has fins","has legs","!has tail","!is domestic","!is catsize","has legs","!has four legs","has six legs","!has eight legs","!mammal","!bird","!reptile","!fish","!amphibian","bug","!invertebrate"
"newt","!has hair","!has feather","lays eggs","!produce milk","!can fly","live in water","a predator","has teeth","has backbone","breath in the air","!poisonous","!has fins","has legs","has tail","!is domestic","!is catsize","has legs","has four legs","!has six legs","!has eight legs","!mammal","!bird","!reptile","!fish","amphibian","!bug","!invertebrate"
"octopus","!has hair","!has feather","lays eggs","!produce milk","!can fly","live in water","a predator","!has teeth","!has backbone","!breath in the air","!poisonous","!has fins","has legs","!has tail","!is domestic","is catsize","has legs","!has four legs","!has six legs","has eight legs","!mammal","!bird","!reptile","!fish","!amphibian","!bug","invertebrate"
"opossum","has hair","!has feather","!lays eggs","produce milk","!can fly","!live in water","a predator","has teeth","has backbone","breath in the air","!poisonous","!has fins","has legs","has tail","!is domestic","!is catsize","has legs","has four legs","!has six legs","!has eight legs","mammal","!bird","!reptile","!fish","!amphibian","!bug","!invertebrate"
"oryx","has hair","!has feather","!lays eggs","produce milk","!can fly","!live in water","!a predator","has teeth","has backbone","breath in the air","!poisonous","!has fins","has legs","has tail","!is domestic","is catsize","has legs","has four legs","!has six legs","!has eight legs","mammal","!bird","!reptile","!fish","!amphibian","!bug","!invertebrate"
"ostrich","!has hair","has feather","lays eggs","!produce milk","!can fly","!live in water","!a predator","!has teeth","has backbone","breath in the air","!poisonous","!has fins","has legs","has tail","!is domestic","is catsize","has legs","!has four legs","!has six legs","!has eight legs","!mammal","bird","!reptile","!fish","!amphibian","!bug","!invertebrate"
"parakeet","!has hair","has feather","lays eggs","!produce milk","can fly","!live in water","!a predator","!has teeth","has backbone","breath in the air","!poisonous","!has fins","has legs","has tail","is domestic","!is catsize","has legs","!has four legs","!has six legs","!has eight legs","!mammal","bird","!reptile","!fish","!amphibian","!bug","!invertebrate"
"penguin","!has hair","has feather","lays eggs","!produce milk","!can fly","live in water","a predator","!has teeth","has backbone","breath in the air","!poisonous","!has fins","has legs","has tail","!is domestic","is catsize","has legs","!has four legs","!has six legs","!has eight legs","!mammal","bird","!reptile","!fish","!amphibian","!bug","!invertebrate"
"pheasant","!has hair","has feather","lays eggs","!produce milk","can fly","!live in water","!a predator","!has teeth","has backbone","breath in the air","!poisonous","!has fins","has legs","has tail","!is domestic","!is catsize","has legs","!has four legs","!has six legs","!has eight legs","!mammal","bird","!reptile","!fish","!amphibian","!bug","!invertebrate"
"pike","!has hair","!has feather","lays eggs","!produce milk","!can fly","live in water","a predator","has teeth","has backbone","!breath in the air","!poisonous","has fins","!has legs","has tail","!is domestic","is catsize","has legs","!has four legs","!has six legs","!has eight legs","!mammal","!bird","!reptile","fish","!amphibian","!bug","!invertebrate"
"piranha","!has hair","!has feather","lays eggs","!produce milk","!can fly","live in water","a predator","has teeth","has backbone","!breath in the air","!poisonous","has fins","!has legs","has tail","!is domestic","!is catsize","has legs","!has four legs","!has six legs","!has eight legs","!mammal","!bird","!reptile","fish","!amphibian","!bug","!invertebrate"
"pitviper","!has hair","!has feather","lays eggs","!produce milk","!can fly","!live in water","a predator","has teeth","has backbone","breath in the air","poisonous","!has fins","!has legs","has tail","!is domestic","!is catsize","has legs","!has four legs","!has six legs","!has eight legs","!mammal","!bird","reptile","!fish","!amphibian","!bug","!invertebrate"
"platypus","has hair","!has feather","lays eggs","produce milk","!can fly","live in water","a predator","!has teeth","has backbone","breath in the air","!poisonous","!has fins","has legs","has tail","!is domestic","is catsize","has legs","has four legs","!has six legs","!has eight legs","mammal","!bird","!reptile","!fish","!amphibian","!bug","!invertebrate"
"polecat","has hair","!has feather","!lays eggs","produce milk","!can fly","!live in water","a predator","has teeth","has backbone","breath in the air","!poisonous","!has fins","has legs","has tail","!is domestic","is catsize","has legs","has four legs","!has six legs","!has eight legs","mammal","!bird","!reptile","!fish","!amphibian","!bug","!invertebrate"
"pony","has hair","!has feather","!lays eggs","produce milk","!can fly","!live in water","!a predator","has teeth","has backbone","breath in the air","!poisonous","!has fins","has legs","has tail","is domestic","is catsize","has legs","has four legs","!has six legs","!has eight legs","mammal","!bird","!reptile","!fish","!amphibian","!bug","!invertebrate"
"porpoise","!has hair","!has feather","!lays eggs","produce milk","!can fly","live in water","a predator","has teeth","has backbone","breath in the air","!poisonous","has fins","!has legs","has tail","!is domestic","is catsize","has legs","!has four legs","!has six legs","!has eight legs","mammal","!bird","!reptile","!fish","!amphibian","!bug","!invertebrate"
"puma","has hair","!has feather","!lays eggs","produce milk","!can fly","!live in water","a predator","has teeth","has backbone","breath in the air","!poisonous","!has fins","has legs","has tail","!is domestic","is catsize","has legs","has four legs","!has six legs","!has eight legs","mammal","!bird","!reptile","!fish","!amphibian","!bug","!invertebrate"
"pussycat","has hair","!has feather","!lays eggs","produce milk","!can fly","!live in water","a predator","has teeth","has backbone","breath in the air","!poisonous","!has fins","has legs","has tail","is domestic","is catsize","has legs","has four legs","!has six legs","!has eight legs","mammal","!bird","!reptile","!fish","!amphibian","!bug","!invertebrate"
"raccoon","has hair","!has feather","!lays eggs","produce milk","!can fly","!live in water","a predator","has teeth","has backbone","breath in the air","!poisonous","!has fins","has legs","has tail","!is domestic","is catsize","has legs","has four legs","!has six legs","!has eight legs","mammal","!bird","!reptile","!fish","!amphibian","!bug","!invertebrate"
"reindeer","has hair","!has feather","!lays eggs","produce milk","!can fly","!live in water","!a predator","has teeth","has backbone","breath in the air","!poisonous","!has fins","has legs","has tail","is domestic","is catsize","has legs","has four legs","!has six legs","!has eight legs","mammal","!bird","!reptile","!fish","!amphibian","!bug","!invertebrate"
"rhea","!has hair","has feather","lays eggs","!produce milk","!can fly","!live in water","a predator","!has teeth","has backbone","breath in the air","!poisonous","!has fins","has legs","has tail","!is domestic","is catsize","has legs","!has four legs","!has six legs","!has eight legs","!mammal","bird","!reptile","!fish","!amphibian","!bug","!invertebrate"
"scorpion","!has hair","!has feather","!lays eggs","!produce milk","!can fly","!live in water","a predator","!has teeth","!has backbone","breath in the air","poisonous","!has fins","has legs","has tail","!is domestic","!is catsize","has legs","!has four legs","!has six legs","has eight legs","!mammal","!bird","!reptile","!fish","!amphibian","!bug","invertebrate"
"seahorse","!has hair","!has feather","lays eggs","!produce milk","!can fly","live in water","!a predator","has teeth","has backbone","!breath in the air","!poisonous","has fins","!has legs","has tail","!is domestic","!is catsize","has legs","!has four legs","!has six legs","!has eight legs","!mammal","!bird","!reptile","fish","!amphibian","!bug","!invertebrate"
"seal","has hair","!has feather","!lays eggs","produce milk","!can fly","live in water","a predator","has teeth","has backbone","breath in the air","!poisonous","has fins","!has legs","!has tail","!is domestic","is catsize","has legs","!has four legs","!has six legs","!has eight legs","mammal","!bird","!reptile","!fish","!amphibian","!bug","!invertebrate"
"sealion","has hair","!has feather","!lays eggs","produce milk","!can fly","live in water","a predator","has teeth","has backbone","breath in the air","!poisonous","has fins","has legs","has tail","!is domestic","is catsize","has legs","!has four legs","!has six legs","!has eight legs","mammal","!bird","!reptile","!fish","!amphibian","!bug","!invertebrate"
"seasnake","!has hair","!has feather","!lays eggs","!produce milk","!can fly","live in water","a predator","has teeth","has backbone","!breath in the air","poisonous","!has fins","!has legs","has tail","!is domestic","!is catsize","has legs","!has four legs","!has six legs","!has eight legs","!mammal","!bird","reptile","!fish","!amphibian","!bug","!invertebrate"
"seawasp","!has hair","!has feather","lays eggs","!produce milk","!can fly","live in water","a predator","!has teeth","!has backbone","!breath in the air","poisonous","!has fins","!has legs","!has tail","!is domestic","!is catsize","has legs","!has four legs","!has six legs","!has eight legs","!mammal","!bird","!reptile","!fish","!amphibian","!bug","invertebrate"
"skimmer","!has hair","has feather","lays eggs","!produce milk","can fly","live in water","a predator","!has teeth","has backbone","breath in the air","!poisonous","!has fins","has legs","has tail","!is domestic","!is catsize","has legs","!has four legs","!has six legs","!has eight legs","!mammal","bird","!reptile","!fish","!amphibian","!bug","!invertebrate"
"skua","!has hair","has feather","lays eggs","!produce milk","can fly","live in water","a predator","!has teeth","has backbone","breath in the air","!poisonous","!has fins","has legs","has tail","!is domestic","!is catsize","has legs","!has four legs","!has six legs","!has eight legs","!mammal","bird","!reptile","!fish","!amphibian","!bug","!invertebrate"
"slowworm","!has hair","!has feather","lays eggs","!produce milk","!can fly","!live in water","a predator","has teeth","has backbone","breath in the air","!poisonous","!has fins","!has legs","has tail","!is domestic","!is catsize","has legs","!has four legs","!has six legs","!has eight legs","!mammal","!bird","reptile","!fish","!amphibian","!bug","!invertebrate"
"slug","!has hair","!has feather","lays eggs","!produce milk","!can fly","!live in water","!a predator","!has teeth","!has backbone","breath in the air","!poisonous","!has fins","!has legs","!has tail","!is domestic","!is catsize","has legs","!has four legs","!has six legs","!has eight legs","!mammal","!bird","!reptile","!fish","!amphibian","!bug","invertebrate"
"sole","!has hair","!has feather","lays eggs","!produce milk","!can fly","live in water","!a predator","has teeth","has backbone","!breath in the air","!poisonous","has fins","!has legs","has tail","!is domestic","!is catsize","has legs","!has four legs","!has six legs","!has eight legs","!mammal","!bird","!reptile","fish","!amphibian","!bug","!invertebrate"
"sparrow","!has hair","has feather","lays eggs","!produce milk","can fly","!live in water","!a predator","!has teeth","has backbone","breath in the air","!poisonous","!has fins","has legs","has tail","!is domestic","!is catsize","has legs","!has four legs","!has six legs","!has eight legs","!mammal","bird","!reptile","!fish","!amphibian","!bug","!invertebrate"
"squirrel","has hair","!has feather","!lays eggs","produce milk","!can fly","!live in water","!a predator","has teeth","has backbone","breath in the air","!poisonous","!has fins","has legs","has tail","!is domestic","!is catsize","has legs","!has four legs","!has six legs","!has eight legs","mammal","!bird","!reptile","!fish","!amphibian","!bug","!invertebrate"
"starfish","!has hair","!has feather","lays eggs","!produce milk","!can fly","live in water","a predator","!has teeth","!has backbone","!breath in the air","!poisonous","!has fins","has legs","!has tail","!is domestic","!is catsize","has legs","!has four legs","!has six legs","!has eight legs","!mammal","!bird","!reptile","!fish","!amphibian","!bug","invertebrate"
"stingray","!has hair","!has feather","lays eggs","!produce milk","!can fly","live in water","a predator","has teeth","has backbone","!breath in the air","poisonous","has fins","!has legs","has tail","!is domestic","is catsize","has legs","!has four legs","!has six legs","!has eight legs","!mammal","!bird","!reptile","fish","!amphibian","!bug","!invertebrate"
"swan","!has hair","has feather","lays eggs","!produce milk","can fly","live in water","!a predator","!has teeth","has backbone","breath in the air","!poisonous","!has fins","has legs","has tail","!is domestic","is catsize","has legs","!has four legs","!has six legs","!has eight legs","!mammal","bird","!reptile","!fish","!amphibian","!bug","!invertebrate"
"termite","!has hair","!has feather","lays eggs","!produce milk","!can fly","!live in water","!a predator","!has teeth","!has backbone","breath in the air","!poisonous","!has fins","has legs","!has tail","!is domestic","!is catsize","has legs","!has four legs","has six legs","!has eight legs","!mammal","!bird","!reptile","!fish","!amphibian","bug","!invertebrate"
"toad","!has hair","!has feather","lays eggs","!produce milk","!can fly","live in water","!a predator","has teeth","has backbone","breath in the air","!poisonous","!has fins","has legs","!has tail","!is domestic","!is catsize","has legs","has four legs","!has six legs","!has eight legs","!mammal","!bird","!reptile","!fish","amphibian","!bug","!invertebrate"
"tortoise","!has hair","!has feather","lays eggs","!produce milk","!can fly","!live in water","!a predator","!has teeth","has backbone","breath in the air","!poisonous","!has fins","has legs","has tail","!is domestic","is catsize","has legs","has four legs","!has six legs","!has eight legs","!mammal","!bird","reptile","!fish","!amphibian","!bug","!invertebrate"
"tuatara","!has hair","!has feather","lays eggs","!produce milk","!can fly","!live in water","a predator","has teeth","has backbone","breath in the air","!poisonous","!has fins","has legs","has tail","!is domestic","!is catsize","has legs","has four legs","!has six legs","!has eight legs","!mammal","!bird","reptile","!fish","!amphibian","!bug","!invertebrate"
"tuna","!has hair","!has feather","lays eggs","!produce milk","!can fly","live in water","a predator","has teeth","has backbone","!breath in the air","!poisonous","has fins","!has legs","has tail","!is domestic","is catsize","has legs","!has four legs","!has six legs","!has eight legs","!mammal","!bird","!reptile","fish","!amphibian","!bug","!invertebrate"
"vampire","has hair","!has feather","!lays eggs","produce milk","can fly","!live in water","!a predator","has teeth","has backbone","breath in the air","!poisonous","!has fins","has legs","has tail","!is domestic","!is catsize","has legs","!has four legs","!has six legs","!has eight legs","mammal","!bird","!reptile","!fish","!amphibian","!bug","!invertebrate"
"vole","has hair","!has feather","!lays eggs","produce milk","!can fly","!live in water","!a predator","has teeth","has backbone","breath in the air","!poisonous","!has fins","has legs","has tail","!is domestic","!is catsize","has legs","has four legs","!has six legs","!has eight legs","mammal","!bird","!reptile","!fish","!amphibian","!bug","!invertebrate"
"vulture","!has hair","has feather","lays eggs","!produce milk","can fly","!live in water","a predator","!has teeth","has backbone","breath in the air","!poisonous","!has fins","has legs","has tail","!is domestic","is catsize","has legs","!has four legs","!has six legs","!has eight legs","!mammal","bird","!reptile","!fish","!amphibian","!bug","!invertebrate"
"wallaby","has hair","!has feather","!lays eggs","produce milk","!can fly","!live in water","!a predator","has teeth","has backbone","breath in the air","!poisonous","!has fins","has legs","has tail","!is domestic","is catsize","has legs","!has four legs","!has six legs","!has eight legs","mammal","!bird","!reptile","!fish","!amphibian","!bug","!invertebrate"
"wasp","has hair","!has feather","lays eggs","!produce milk","can fly","!live in water","!a predator","!has teeth","!has backbone","breath in the air","poisonous","!has fins","has legs","!has tail","!is domestic","!is catsize","has legs","!has four legs","has six legs","!has eight legs","!mammal","!bird","!reptile","!fish","!amphibian","bug","!invertebrate"
"wolf","has hair","!has feather","!lays eggs","produce milk","!can fly","!live in water","a predator","has teeth","has backbone","breath in the air","!poisonous","!has fins","has legs","has tail","!is domestic","is catsize","has legs","has four legs","!has six legs","!has eight legs","mammal","!bird","!reptile","!fish","!amphibian","!bug","!invertebrate"
"worm","!has hair","!has feather","lays eggs","!produce milk","!can fly","!live in water","!a predator","!has teeth","!has backbone","breath in the air","!poisonous","!has fins","!has legs","!has tail","!is domestic","!is catsize","has legs","!has four legs","!has six legs","!has eight legs","!mammal","!bird","!reptile","!fish","!amphibian","!bug","invertebrate"
"wren","!has hair","has feather","lays eggs","!produce milk","can fly","!live in water","!a predator","!has teeth","has backbone","breath in the air","!poisonous","!has fins","has legs","has tail","!is domestic","!is catsize","has legs","!has four legs","!has six legs","!has eight legs","!mammal","bird","!reptile","!fish","!amphibian","!bug","!invertebrate"
"turtle","!has hair","!has feather","lays eggs","!produce milk","!can fly","live in water","!a predator","!has teeth","has backbone","breath in the air","!poisonous","!has fins","has legs","has tail","is domestic","is catsize","has legs","has four legs","!has six legs","!has eight legs","!mammal","!bird","reptile","!fish","!amphibian","!bug","!invertebrate"
"chameleon","!has hair","!has feather","lays eggs","!produce milk","!can fly","!live in water","!a predator","has teeth","has backbone","breath in the air","!poisonous","!has fins","has legs","has tail","is domestic","!is catsize","has legs","has four legs","!has six legs","!has eight legs","!mammal","!bird","reptile","!fish","!amphibian","!bug","!invertebrate"
"iguana","!has hair","!has feather","lays eggs","!produce milk","!can fly","!live in water","a predator","has teeth","has backbone","breath in the air","!poisonous","!has fins","has legs","has tail","is domestic","is catsize","has legs","has four legs","!has six legs","!has eight legs","!mammal","!bird","reptile","!fish","!amphibian","!bug","!invertebrate"
"lizard","!has hair","!has feather","lays eggs","!produce milk","!can fly","!live in water","a predator","has teeth","has backbone","breath in the air","!poisonous","!has fins","has legs","has tail","!is domestic","!is catsize","has legs","has four legs","!has six legs","!has eight legs","!mammal","!bird","reptile","!fish","!amphibian","!bug","!invertebrate"
"gecko","!has hair","!has feather","lays eggs","!produce milk","!can fly","!live in water","!a predator","has teeth","has backbone","breath in the air","!poisonous","!has fins","has legs","has tail","is domestic","!is catsize","has legs","has four legs","!has six legs","!has eight legs","!mammal","!bird","reptile","!fish","!amphibian","!bug","!invertebrate"
"python","!has hair","!has feather","lays eggs","!produce milk","!can fly","!live in water","a predator","has teeth","has backbone","breath in the air","poisonous","!has fins","!has legs","has tail","!is domestic","is catsize","has legs","!has four legs","!has six legs","!has eight legs","!mammal","!bird","reptile","!fish","!amphibian","!bug","!invertebrate"
"boa","!has hair","!has feather","lays eggs","!produce milk","!can fly","!live in water","a predator","has teeth","has backbone","breath in the air","!poisonous","!has fins","!has legs","has tail","!is domestic","is catsize","has legs","!has four legs","!has six legs","!has eight legs","!mammal","!bird","reptile","!fish","!amphibian","!bug","!invertebrate"
"adder","!has hair","!has feather","lays eggs","!produce milk","!can fly","!live in water","a predator","has teeth","has backbone","breath in the air","poisonous","!has fins","!has legs","has tail","!is domestic","is catsize","has legs","!has four legs","!has six legs","!has eight legs","!mammal","!bird","reptile","!fish","!amphibian","!bug","!invertebrate"
"crocodile","!has hair","!has feather","lays eggs","!produce milk","!can fly","live in water","a predator","has teeth","has backbone","breath in the air","!poisonous","!has fins","has legs","has tail","!is domestic","is catsize","has legs","has four legs","!has six legs","!has eight legs","!mammal","!bird","reptile","!fish","!amphibian","!bug","!invertebrate"
"alligator","!has hair","!has feather","lays eggs","!produce milk","!can fly","live in water","a predator","has teeth","has backbone","breath in the air","!poisonous","!has fins","has legs","has tail","!is domestic","is catsize","has legs","has four legs","!has six legs","!has eight legs","!mammal","!bird","reptile","!fish","!amphibian","!bug","!invertebrate"
"gharial","!has hair","!has feather","lays eggs","!produce milk","!can fly","live in water","a predator","has teeth","has backbone","breath in the air","!poisonous","!has fins","has legs","has tail","!is domestic","is catsize","has legs","has four legs","!has six legs","!has eight legs","!mammal","!bird","reptile","!fish","!amphibian","!bug","!invertebrate"
"skink","!has hair","!has feather","lays eggs","!produce milk","!can fly","!live in water","!a predator","has teeth","has backbone","breath in the air","!poisonous","!has fins","has legs","has tail","!is domestic","!is catsize","has legs","has four legs","!has six legs","!has eight legs","!mammal","!bird","reptile","!fish","!amphibian","!bug","!invertebrate"
"anchovy","!has hair","!has feather","lays eggs","!produce milk","!can fly","live in water","!a predator","!has teeth","has backbone","!breath in the air","!poisonous","has fins","!has legs","has tail","!is domestic","!is catsize","has legs","!has four legs","!has six legs","!has eight legs","!mammal","!bird","!reptile","fish","!amphibian","!bug","!invertebrate"
"flounder","!has hair","!has feather","lays eggs","!produce milk","!can fly","live in water","!a predator","!has teeth","has backbone","!breath in the air","!poisonous","has fins","!has legs","has tail","!is domestic","is catsize","has legs","!has four legs","!has six legs","!has eight legs","!mammal","!bird","!reptile","fish","!amphibian","!bug","!invertebrate"
"halibut","!has hair","!has feather","lays eggs","!produce milk","!can fly","live in water","!a predator","!has teeth","has backbone","!breath in the air","!poisonous","has fins","!has legs","has tail","!is domestic","is catsize","has legs","!has four legs","!has six legs","!has eight legs","!mammal","!bird","!reptile","fish","!amphibian","!bug","!invertebrate"
"mackerel","!has hair","!has feather","lays eggs","!produce milk","!can fly","live in water","!a predator","!has teeth","has backbone","!breath in the air","!poisonous","has fins","!has legs","has tail","!is domestic","is catsize","has legs","!has four legs","!has six legs","!has eight legs","!mammal","!bird","!reptile","fish","!amphibian","!bug","!invertebrate"
"barracuda","!has hair","!has feather","lays eggs","!produce milk","!can fly","live in water","a predator","has teeth","has backbone","!breath in the air","!poisonous","has fins","!has legs","has tail","!is domestic","is catsize","has legs","!has four legs","!has six legs","!has eight legs","!mammal","!bird","!reptile","fish","!amphibian","!bug","!invertebrate"
"marlin","!has hair","!has feather","lays eggs","!produce milk","!can fly","live in water","!a predator","!has teeth","has backbone","!breath in the air","!poisonous","has fins","!has legs","has tail","!is domestic","is catsize","has legs","!has four legs","!has six legs","!has eight legs","!mammal","!bird","!reptile","fish","!amphibian","!bug","!invertebrate"
"trout","!has hair","!has feather","lays eggs","!produce milk","!can fly","live in water","!a predator","!has teeth","has backbone","!breath in the air","!poisonous","has fins","!has legs","has tail","!is domestic","is catsize","has legs","!has four legs","!has six legs","!has eight legs","!mammal","!bird","!reptile","fish","!amphibian","!bug","!invertebrate"
"salamander","!has hair","!has feather","lays eggs","!produce milk","!can fly","live in water","!a predator","has teeth","has backbone","breath in the air","!poisonous","!has fins","has legs","has tail","is domestic","!is catsize","has legs","has four legs","!has six legs","!has eight legs","!mammal","!bird","!reptile","!fish","amphibian","!bug","!invertebrate"
"siren","!has hair","!has feather","lays eggs","!produce milk","!can fly","live in water","!a predator","has teeth","has backbone","breath in the air","!poisonous","!has fins","has legs","has tail","!is domestic","!is catsize","has legs","!has four legs","!has six legs","!has eight legs","!mammal","!bird","!reptile","!fish","amphibian","!bug","!invertebrate"
"tree frog","!has hair","!has feather","lays eggs","!produce milk","!can fly","live in water","!a predator","has teeth","has backbone","breath in the air","!poisonous","!has fins","has legs","!has tail","!is domestic","!is catsize","has legs","has four legs","!has six legs","!has eight legs","!mammal","!bird","!reptile","!fish","amphibian","!bug","!invertebrate"
"dart frog","!has hair","!has feather","lays eggs","!produce milk","!can fly","live in water","!a predator","has teeth","has backbone","breath in the air","!poisonous","!has fins","has legs","!has tail","!is domestic","!is catsize","has legs","has four legs","!has six legs","!has eight legs","!mammal","!bird","!reptile","!fish","amphibian","!bug","!invertebrate"
"firebelly","!has hair","!has feather","lays eggs","!produce milk","!can fly","live in water","!a predator","has teeth","has backbone","breath in the air","!poisonous","!has fins","has legs","!has tail","!is domestic","!is catsize","has legs","has four legs","!has six legs","!has eight legs","!mammal","!bird","!reptile","!fish","amphibian","!bug","!invertebrate"
"wart toad","!has hair","!has feather","lays eggs","!produce milk","!can fly","live in water","!a predator","has teeth","has backbone","breath in the air","!poisonous","!has fins","has legs","!has tail","!is domestic","!is catsize","has legs","has four legs","!has six legs","!has eight legs","!mammal","!bird","!reptile","!fish","amphibian","!bug","!invertebrate"
"mosquito","!has hair","!has feather","lays eggs","!produce milk","can fly","!live in water","!a predator","!has teeth","!has backbone","breath in the air","!poisonous","!has fins","has legs","!has tail","!is domestic","!is catsize","has legs","!has four legs","has six legs","!has eight legs","!mammal","!bird","!reptile","!fish","!amphibian","bug","!invertebrate"
"hornet","!has hair","!has feather","lays eggs","!produce milk","can fly","!live in water","a predator","!has teeth","!has backbone","breath in the air","poisonous","!has fins","has legs","!has tail","!is domestic","!is catsize","has legs","!has four legs","has six legs","!has eight legs","!mammal","!bird","!reptile","!fish","!amphibian","bug","!invertebrate"
"cricket","!has hair","!has feather","lays eggs","!produce milk","!can fly","!live in water","!a predator","!has teeth","!has backbone","breath in the air","!poisonous","!has fins","has legs","!has tail","!is domestic","!is catsize","has legs","!has four legs","has six legs","!has eight legs","!mammal","!bird","!reptile","!fish","!amphibian","bug","!invertebrate"
"beetle","!has hair","!has feather","lays eggs","!produce milk","!can fly","!live in water","!a predator","!has teeth","!has backbone","breath in the air","!poisonous","!has fins","has legs","!has tail","!is domestic","!is catsize","has legs","!has four legs","has six legs","!has eight legs","!mammal","!bird","!reptile","!fish","!amphibian","bug","!invertebrate"
"butterfly","has hair","!has feather","lays eggs","!produce milk","can fly","!live in water","!a predator","!has teeth","!has backbone","breath in the air","!poisonous","!has fins","has legs","!has tail","!is domestic","!is catsize","has legs","!has four legs","has six legs","!has eight legs","!mammal","!bird","!reptile","!fish","!amphibian","bug","!invertebrate"
"palmetto","!has hair","!has feather","lays eggs","!produce milk","can fly","!live in water","a predator","!has teeth","!has backbone","breath in the air","!poisonous","!has fins","has legs","!has tail","!is domestic","!is catsize","has legs","!has four legs","has six legs","!has eight legs","!mammal","!bird","!reptile","!fish","!amphibian","bug","!invertebrate"
"cockroach","!has hair","!has feather","lays eggs","!produce milk","!can fly","!live in water","!a predator","!has teeth","!has backbone","breath in the air","!poisonous","!has fins","has legs","!has tail","!is domestic","!is catsize","has legs","!has four legs","has six legs","!has eight legs","!mammal","!bird","!reptile","!fish","!amphibian","bug","!invertebrate"
"mantis","!has hair","!has feather","lays eggs","!produce milk","!can fly","!live in water","a predator","!has teeth","!has backbone","breath in the air","!poisonous","!has fins","has legs","!has tail","!is domestic","!is catsize","has legs","!has four legs","has six legs","!has eight legs","!mammal","!bird","!reptile","!fish","!amphibian","bug","!invertebrate"
"dragonfly","!has hair","!has feather","lays eggs","!produce milk","can fly","!live in water","!a predator","!has teeth","!has backbone","breath in the air","!poisonous","!has fins","has legs","!has tail","!is domestic","!is catsize","has legs","!has four legs","has six legs","!has eight legs","!mammal","!bird","!reptile","!fish","!amphibian","bug","!invertebrate"
"aphid","!has hair","!has feather","lays eggs","!produce milk","!can fly","!live in water","!a predator","!has teeth","!has backbone","breath in the air","!poisonous","!has fins","has legs","!has tail","!is domestic","!is catsize","has legs","!has four legs","has six legs","!has eight legs","!mammal","!bird","!reptile","!fish","!amphibian","bug","!invertebrate"
"cicada","!has hair","!has feather","lays eggs","!produce milk","can fly","!live in water","!a predator","!has teeth","!has backbone","breath in the air","!poisonous","!has fins","has legs","!has tail","!is domestic","!is catsize","has legs","!has four legs","has six legs","!has eight legs","!mammal","!bird","!reptile","!fish","!amphibian","bug","!invertebrate"
"antlion","!has hair","!has feather","lays eggs","!produce milk","can fly","!live in water","!a predator","!has teeth","!has backbone","breath in the air","!poisonous","!has fins","has legs","!has tail","!is domestic","!is catsize","has legs","!has four legs","has six legs","!has eight legs","!mammal","!bird","!reptile","!fish","!amphibian","bug","!invertebrate"
"scallop","!has hair","!has feather","lays eggs","!produce milk","!can fly","live in water","!a predator","!has teeth","!has backbone","!breath in the air","!poisonous","!has fins","!has legs","!has tail","!is domestic","!is catsize","has legs","!has four legs","!has six legs","!has eight legs","!mammal","!bird","!reptile","!fish","!amphibian","!bug","invertebrate"
"spider","!has hair","!has feather","lays eggs","!produce milk","!can fly","!live in water","a predator","has teeth","!has backbone","breath in the air","poisonous","!has fins","has legs","!has tail","!is domestic","!is catsize","has legs","!has four legs","!has six legs","has eight legs","!mammal","!bird","!reptile","!fish","!amphibian","!bug","invertebrate"
"snail","!has hair","!has feather","lays eggs","!produce milk","!can fly","!live in water","!a predator","!has teeth","!has backbone","breath in the air","!poisonous","!has fins","!has legs","!has tail","!is domestic","!is catsize","has legs","!has four legs","!has six legs","!has eight legs","!mammal","!bird","!reptile","!fish","!amphibian","!bug","invertebrate"
"silkworm","!has hair","!has feather","lays eggs","!produce milk","!can fly","!live in water","!a predator","!has teeth","!has backbone","breath in the air","!poisonous","!has fins","!has legs","!has tail","!is domestic","!is catsize","has legs","!has four legs","!has six legs","!has eight legs","!mammal","!bird","!reptile","!fish","!amphibian","!bug","invertebrate"
"jellyfish","!has hair","!has feather","lays eggs","!produce milk","!can fly","live in water","!a predator","!has teeth","!has backbone","!breath in the air","poisonous","!has fins","!has legs","!has tail","!is domestic","is catsize","has legs","!has four legs","!has six legs","!has eight legs","!mammal","!bird","!reptile","!fish","!amphibian","!bug","invertebrate"
"squid","!has hair","!has feather","lays eggs","!produce milk","!can fly","live in water","!a predator","!has teeth","!has backbone","!breath in the air","!poisonous","!has fins","!has legs","!has tail","!is domestic","is catsize","has legs","!has four legs","!has six legs","!has eight legs","!mammal","!bird","!reptile","!fish","!amphibian","!bug","invertebrate"
